"LocationXYZ","BlockType","Command","CommandOptions","RoomName","FeatureType"
-2215 59 58,block_signal_victim,NA,NA,A1,signal
-2215 59 51,block_signal_victim,NA,NA,A2,signal
-2215 59 45,block_signal_victim,NA,NA,A3,signal
-2215 59 29,block_signal_victim,NA,NA,A3,signal
-2215 59 13,block_signal_victim,NA,NA,A4,signal
-2217 59 -1,block_signal_victim,NA,NA,A4A,signal
-2190 59 50,block_signal_victim,NA,NA,B1,signal
-2211 59 50,block_signal_victim,NA,NA,B1,signal
-2211 59 38,block_signal_victim,NA,NA,B2,signal
-2201 59 41,block_signal_victim,NA,NA,B3,signal
-2203 59 27,block_signal_victim,NA,NA,B5,signal
-2198 59 27,block_signal_victim,NA,NA,B6,signal
-2195 59 41,block_signal_victim,NA,NA,B4,signal
-2193 59 23,block_signal_victim,NA,NA,B7,signal
-2208 59 11,block_signal_victim,NA,NA,B7,signal
-2199 59 7,block_signal_victim,NA,NA,B8,signal
-2190 59 5,block_signal_victim,NA,NA,B9,signal
-2186 59 53,block_signal_victim,NA,NA,C1,signal
-2186 59 47,block_signal_victim,NA,NA,C2,signal
-2186 59 40,block_signal_victim,NA,NA,C3,signal
-2186 59 33,block_signal_victim,NA,NA,C4,signal
-2186 59 26,block_signal_victim,NA,NA,C5,signal
-2186 59 19,block_signal_victim,NA,NA,C6,signal
-2186 59 12,block_signal_victim,NA,NA,C7,signal
-2186 59 5,block_signal_victim,NA,NA,C8,signal
-2172 59 44,block_signal_victim,NA,NA,D3,signal
-2164 59 44,block_signal_victim,NA,NA,D4,signal
-2167 59 38,block_signal_victim,NA,NA,D4,signal
-2163 59 45,block_signal_victim,NA,NA,D2,signal
-2163 59 50,block_signal_victim,NA,NA,D1,signal
-2166 59 30,block_signal_victim,NA,NA,E1,signal
-2166 59 25,block_signal_victim,NA,NA,E2,signal
-2166 59 16,block_signal_victim,NA,NA,E3,signal
-2171 59 10,block_signal_victim,NA,NA,E4,signal
-2166 59 10,block_signal_victim,NA,NA,E5,signal
-2164 59 12,block_signal_victim,NA,NA,F4,signal
-2164 59 15,block_signal_victim,NA,NA,F3,signal
-2164 59 24,block_signal_victim,NA,NA,F2,signal
-2164 59 29,block_signal_victim,NA,NA,F1,signal
-2152 59 24,block_signal_victim,NA,NA,G1,signal
-2152 59 16,block_signal_victim,NA,NA,G2,signal
-2152 59 10,block_signal_victim,NA,NA,G3,signal
-2151 59 45,block_signal_victim,NA,NA,H1,signal
-2136 59 55,block_signal_victim,NA,NA,H1,signal
-2144 59 6,block_signal_victim,NA,NA,H2,signal
-2142 59 8,block_signal_victim,NA,NA,H2,signal
-2142 59 14,block_signal_victim,NA,NA,H2,signal
-2142 59 20,block_signal_victim,NA,NA,H2,signal
-2142 59 26,block_signal_victim,NA,NA,H2,signal
-2142 59 32,block_signal_victim,NA,NA,H2,signal
-2122 59 51,block_signal_victim,NA,NA,I1,signal
-2122 59 40,block_signal_victim,NA,NA,I2,signal
-2122 59 29,block_signal_victim,NA,NA,I3,signal
-2122 59 18,block_signal_victim,NA,NA,I4,signal
-2117 59 51,block_signal_victim,NA,NA,J1,signal
-2103 59 49,block_signal_victim,NA,NA,K1,signal
-2117 59 40,block_signal_victim,NA,NA,J2,signal
-2103 59 38,block_signal_victim,NA,NA,K2,signal
-2117 59 29,block_signal_victim,NA,NA,J3,signal
-2103 59 27,block_signal_victim,NA,NA,K3,signal
-2117 59 18,block_signal_victim,NA,NA,J4,signal
-2103 59 16,block_signal_victim,NA,NA,K4,signal
-2101 59 50,block_signal_victim,NA,NA,L1,signal
-2090 59 42,block_signal_victim,NA,NA,M1,signal
-2101 59 32,block_signal_victim,NA,NA,L2,signal
-2090 59 23,block_signal_victim,NA,NA,M2,signal
-2101 59 15,block_signal_victim,NA,NA,L3,signal
-2090 59 6,block_signal_victim,NA,NA,M3,signal
"-2217 60 -2","gravel",NA,NA,NA,"obstruction"
"-2217 61 -2","gravel",NA,NA,NA,"obstruction"
"-2217 62 -2","gravel",NA,NA,NA,"obstruction"
"-2216 60 -2","gravel",NA,NA,NA,"obstruction"
"-2216 61 -2","gravel",NA,NA,NA,"obstruction"
"-2202 60 -1","gravel",NA,NA,NA,"obstruction"
"-2202 61 -1","gravel",NA,NA,NA,"obstruction"
"-2201 60 -1","gravel",NA,NA,NA,"obstruction"
"-2200 60 -1","gravel",NA,NA,NA,"obstruction"
"-2200 61 -1","gravel",NA,NA,NA,"obstruction"
"-2199 60 -1","gravel",NA,NA,NA,"obstruction"
"-2199 61 -1","gravel",NA,NA,NA,"obstruction"
"-2199 62 -1","gravel",NA,NA,NA,"obstruction"
"-2182 60 -1","gravel",NA,NA,NA,"obstruction"
"-2182 61 -1","gravel",NA,NA,NA,"obstruction"
"-2182 62 -1","gravel",NA,NA,NA,"obstruction"
"-2178 60 -1","gravel",NA,NA,NA,"obstruction"
"-2178 61 -1","gravel",NA,NA,NA,"obstruction"
"-2178 62 -1","gravel",NA,NA,NA,"obstruction"
"-2143 60 -1","gravel",NA,NA,NA,"obstruction"
"-2143 61 -1","gravel",NA,NA,NA,"obstruction"
"-2143 62 -1","gravel",NA,NA,NA,"obstruction"
"-2142 60 -1","gravel",NA,NA,NA,"obstruction"
"-2142 61 -1","gravel",NA,NA,NA,"obstruction"
"-2141 60 -1","gravel",NA,NA,NA,"obstruction"
"-2141 61 -1","gravel",NA,NA,NA,"obstruction"
"-2129 60 -1","gravel",NA,NA,NA,"obstruction"
"-2129 61 -1","gravel",NA,NA,NA,"obstruction"
"-2205 60 0","block_victim_1b",NA,NA,B8,"Victim B"
"-2204 60 0","gravel",NA,NA,NA,"obstruction"
"-2204 61 0","gravel",NA,NA,NA,"obstruction"
"-2204 62 0","gravel",NA,NA,NA,"obstruction"
"-2202 60 0","gravel",NA,NA,NA,"obstruction"
"-2202 61 0","gravel",NA,NA,NA,"obstruction"
"-2202 62 0","gravel",NA,NA,NA,"obstruction"
"-2195 60 0","gravel",NA,NA,NA,"obstruction"
"-2195 61 0","gravel",NA,NA,NA,"obstruction"
"-2182 60 0","gravel",NA,NA,NA,"obstruction"
"-2182 61 0","gravel",NA,NA,NA,"obstruction"
"-2178 60 0","gravel",NA,NA,NA,"obstruction"
"-2178 61 0","gravel",NA,NA,NA,"obstruction"
"-2143 60 0","gravel",NA,NA,NA,"obstruction"
"-2143 61 0","gravel",NA,NA,NA,"obstruction"
"-2143 62 0","gravel",NA,NA,NA,"obstruction"
"-2141 60 0","gravel",NA,NA,NA,"obstruction"
"-2141 61 0","gravel",NA,NA,NA,"obstruction"
"-2130 60 0","gravel",NA,NA,NA,"obstruction"
"-2130 61 0","gravel",NA,NA,NA,"obstruction"
"-2130 62 0","gravel",NA,NA,NA,"obstruction"
"-2129 60 0","gravel",NA,NA,NA,"obstruction"
"-2129 61 0","gravel",NA,NA,NA,"obstruction"
"-2129 62 0","gravel",NA,NA,NA,"obstruction"
"-2115 60 0","gravel",NA,NA,NA,"obstruction"
"-2115 61 0","gravel",NA,NA,NA,"obstruction"
"-2114 60 0","gravel",NA,NA,NA,"obstruction"
"-2114 61 0","gravel",NA,NA,NA,"obstruction"
"-2114 62 0","gravel",NA,NA,NA,"obstruction"
"-2113 60 0","gravel",NA,NA,NA,"obstruction"
"-2113 61 0","gravel",NA,NA,NA,"obstruction"
"-2113 62 0","gravel",NA,NA,NA,"obstruction"
"-2112 60 0","gravel",NA,NA,NA,"obstruction"
"-2112 61 0","gravel",NA,NA,NA,"obstruction"
"-2112 62 0","gravel",NA,NA,NA,"obstruction"
"-2111 60 0","gravel",NA,NA,NA,"obstruction"
"-2111 61 0","gravel",NA,NA,NA,"obstruction"
"-2206 60 1","gravel",NA,NA,NA,"obstruction"
"-2206 61 1","gravel",NA,NA,NA,"obstruction"
"-2205 60 1","block_victim_1",NA,NA,B8,"Victim A"
"-2195 60 1","gravel",NA,NA,NA,"obstruction"
"-2195 61 1","gravel",NA,NA,NA,"obstruction"
"-2195 62 1","gravel",NA,NA,NA,"obstruction"
"-2182 60 1","gravel",NA,NA,NA,"obstruction"
"-2182 61 1","gravel",NA,NA,NA,"obstruction"
"-2182 62 1","gravel",NA,NA,NA,"obstruction"
"-2181 60 1","gravel",NA,NA,NA,"obstruction"
"-2181 61 1","gravel",NA,NA,NA,"obstruction"
"-2180 60 1","gravel",NA,NA,NA,"obstruction"
"-2180 61 1","gravel",NA,NA,NA,"obstruction"
"-2180 62 1","gravel",NA,NA,NA,"obstruction"
"-2179 60 1","gravel",NA,NA,NA,"obstruction"
"-2179 61 1","gravel",NA,NA,NA,"obstruction"
"-2178 60 1","gravel",NA,NA,NA,"obstruction"
"-2178 61 1","gravel",NA,NA,NA,"obstruction"
"-2178 62 1","gravel",NA,NA,NA,"obstruction"
"-2206 60 2","gravel",NA,NA,NA,"obstruction"
"-2206 61 2","gravel",NA,NA,NA,"obstruction"
"-2204 60 2","gravel",NA,NA,NA,"obstruction"
"-2204 61 2","gravel",NA,NA,NA,"obstruction"
"-2204 62 2","gravel",NA,NA,NA,"obstruction"
"-2195 60 2","gravel",NA,NA,NA,"obstruction"
"-2195 61 2","gravel",NA,NA,NA,"obstruction"
"-2224 60 3","gravel",NA,NA,NA,"obstruction"
"-2224 61 3","gravel",NA,NA,NA,"obstruction"
"-2206 60 3","gravel",NA,NA,NA,"obstruction"
"-2206 61 3","gravel",NA,NA,NA,"obstruction"
"-2205 60 3","gravel",NA,NA,NA,"obstruction"
"-2205 61 3","gravel",NA,NA,NA,"obstruction"
"-2205 62 3","gravel",NA,NA,NA,"obstruction"
"-2204 60 3","gravel",NA,NA,NA,"obstruction"
"-2204 61 3","gravel",NA,NA,NA,"obstruction"
"-2195 60 3","gravel",NA,NA,NA,"obstruction"
"-2195 61 3","gravel",NA,NA,NA,"obstruction"
"-2195 62 3","gravel",NA,NA,NA,"obstruction"
"-2097 60 3","gravel",NA,NA,NA,"obstruction"
"-2095 60 3","block_victim_proximity",NA,NA,M3,"Victim C"
"-2094 60 3","gravel",NA,NA,NA,"obstruction"
"-2094 61 3","gravel",NA,NA,NA,"obstruction"
"-2224 60 4","gravel",NA,NA,NA,"obstruction"
"-2224 61 4","gravel",NA,NA,NA,"obstruction"
"-2097 60 4","gravel",NA,NA,NA,"obstruction"
"-2097 61 4","gravel",NA,NA,NA,"obstruction"
"-2094 60 4","gravel",NA,NA,NA,"obstruction"
"-2094 61 4","gravel",NA,NA,NA,"obstruction"
"-2094 62 4","gravel",NA,NA,NA,"obstruction"
"-2224 60 5","gravel",NA,NA,NA,"obstruction"
"-2224 61 5","gravel",NA,NA,NA,"obstruction"
"-2224 62 5","gravel",NA,NA,NA,"obstruction"
"-2163 60 5","block_victim_proximity",NA,NA,F4,"Victim C"
"-2146 60 5","gravel",NA,NA,NA,"obstruction"
"-2146 61 5","gravel",NA,NA,NA,"obstruction"
"-2145 60 5","gravel",NA,NA,NA,"obstruction"
"-2145 61 5","gravel",NA,NA,NA,"obstruction"
"-2097 60 5","gravel",NA,NA,NA,"obstruction"
"-2145 60 6","gravel",NA,NA,NA,"obstruction"
"-2145 61 6","gravel",NA,NA,NA,"obstruction"
"-2097 60 6","gravel",NA,NA,NA,"obstruction"
"-2097 61 6","gravel",NA,NA,NA,"obstruction"
"-2094 60 6","gravel",NA,NA,NA,"obstruction"
"-2094 61 6","gravel",NA,NA,NA,"obstruction"
"-2094 62 6","gravel",NA,NA,NA,"obstruction"
"-2145 60 7","gravel",NA,NA,NA,"obstruction"
"-2145 61 7","gravel",NA,NA,NA,"obstruction"
"-2097 60 7","gravel",NA,NA,NA,"obstruction"
"-2094 60 7","gravel",NA,NA,NA,"obstruction"
"-2094 61 7","gravel",NA,NA,NA,"obstruction"
"-2171 60 8","gravel",NA,NA,NA,"obstruction"
"-2171 61 8","gravel",NA,NA,NA,"obstruction"
"-2166 60 8","gravel",NA,NA,NA,"obstruction"
"-2166 61 8","gravel",NA,NA,NA,"obstruction"
"-2162 60 8","gravel",NA,NA,NA,"obstruction"
"-2159 60 8","block_victim_1",NA,NA,F4,"Victim A"
"-2137 60 8","gravel",NA,NA,NA,"obstruction"
"-2137 61 8","gravel",NA,NA,NA,"obstruction"
"-2097 60 8","gravel",NA,NA,NA,"obstruction"
"-2097 61 8","gravel",NA,NA,NA,"obstruction"
"-2094 60 8","gravel",NA,NA,NA,"obstruction"
"-2094 61 8","gravel",NA,NA,NA,"obstruction"
"-2094 62 8","gravel",NA,NA,NA,"obstruction"
"-2182 60 9","gravel",NA,NA,NA,"obstruction"
"-2182 61 9","gravel",NA,NA,NA,"obstruction"
"-2182 62 9","gravel",NA,NA,NA,"obstruction"
"-2181 60 9","gravel",NA,NA,NA,"obstruction"
"-2181 61 9","gravel",NA,NA,NA,"obstruction"
"-2180 60 9","gravel",NA,NA,NA,"obstruction"
"-2180 61 9","gravel",NA,NA,NA,"obstruction"
"-2180 62 9","gravel",NA,NA,NA,"obstruction"
"-2179 60 9","gravel",NA,NA,NA,"obstruction"
"-2179 61 9","gravel",NA,NA,NA,"obstruction"
"-2163 59 9","block_rubble_collapse",NA,-2164 60 11 -2164 60 11,NA,"collapse threat"
"-2137 60 9","gravel",NA,NA,NA,"obstruction"
"-2137 61 9","gravel",NA,NA,NA,"obstruction"
"-2137 62 9","gravel",NA,NA,NA,"obstruction"
"-2094 60 9","gravel",NA,NA,NA,"obstruction"
"-2094 61 9","gravel",NA,NA,NA,"obstruction"
"-2182 60 10","gravel",NA,NA,NA,"obstruction"
"-2182 61 10","gravel",NA,NA,NA,"obstruction"
"-2137 60 10","gravel",NA,NA,NA,"obstruction"
"-2137 61 10","gravel",NA,NA,NA,"obstruction"
"-2089 60 10","gravel",NA,NA,NA,"obstruction"
"-2089 61 10","gravel",NA,NA,NA,"obstruction"
"-2089 62 10","gravel",NA,NA,NA,"obstruction"
"-2224 60 11","gravel",NA,NA,NA,"obstruction"
"-2224 61 11","gravel",NA,NA,NA,"obstruction"
"-2224 62 11","gravel",NA,NA,NA,"obstruction"
"-2154 60 11","gravel",NA,NA,NA,"obstruction"
"-2154 61 11","gravel",NA,NA,NA,"obstruction"
"-2137 60 11","gravel",NA,NA,NA,"obstruction"
"-2137 61 11","gravel",NA,NA,NA,"obstruction"
"-2137 62 11","gravel",NA,NA,NA,"obstruction"
"-2130 60 11","block_victim_1",NA,NA,I4,"Victim A"
"-2112 60 11","gravel",NA,NA,NA,"obstruction"
"-2112 61 11","gravel",NA,NA,NA,"obstruction"
"-2112 62 11","gravel",NA,NA,NA,"obstruction"
"-2097 59 11","block_rubble_collapse",NA,-2100 60 15 -2100 60 15,NA,"collapse threat"
"-2095 60 11","block_victim_1b",NA,NA,L3,"Victim B"
"-2089 60 11","gravel",NA,NA,NA,"obstruction"
"-2089 61 11","gravel",NA,NA,NA,"obstruction"
"-2089 62 11","gravel",NA,NA,NA,"obstruction"
"-2208 60 12","gravel",NA,NA,NA,"obstruction"
"-2208 61 12","gravel",NA,NA,NA,"obstruction"
"-2208 62 12","gravel",NA,NA,NA,"obstruction"
"-2157 60 12","gravel",NA,NA,NA,"obstruction"
"-2156 60 12","gravel",NA,NA,NA,"obstruction"
"-2155 60 12","gravel",NA,NA,NA,"obstruction"
"-2133 60 12","gravel",NA,NA,NA,"obstruction"
"-2133 61 12","gravel",NA,NA,NA,"obstruction"
"-2131 60 12","gravel",NA,NA,NA,"obstruction"
"-2131 61 12","gravel",NA,NA,NA,"obstruction"
"-2130 60 12","block_victim_1b",NA,NA,I4,"Victim B"
"-2097 60 12","gravel",NA,NA,NA,"obstruction"
"-2097 61 12","gravel",NA,NA,NA,"obstruction"
"-2089 60 12","gravel",NA,NA,NA,"obstruction"
"-2089 61 12","gravel",NA,NA,NA,"obstruction"
"-2218 60 13","gravel",NA,NA,NA,"obstruction"
"-2218 61 13","gravel",NA,NA,NA,"obstruction"
"-2217 60 13","gravel",NA,NA,NA,"obstruction"
"-2217 61 13","gravel",NA,NA,NA,"obstruction"
"-2208 60 13","gravel",NA,NA,NA,"obstruction"
"-2208 61 13","gravel",NA,NA,NA,"obstruction"
"-2133 60 13","gravel",NA,NA,NA,"obstruction"
"-2133 61 13","gravel",NA,NA,NA,"obstruction"
"-2131 60 13","gravel",NA,NA,NA,"obstruction"
"-2131 61 13","gravel",NA,NA,NA,"obstruction"
"-2131 62 13","gravel",NA,NA,NA,"obstruction"
"-2112 60 13","gravel",NA,NA,NA,"obstruction"
"-2112 61 13","gravel",NA,NA,NA,"obstruction"
"-2112 62 13","gravel",NA,NA,NA,"obstruction"
"-2097 60 13","gravel",NA,NA,NA,"obstruction"
"-2097 61 13","gravel",NA,NA,NA,"obstruction"
"-2097 62 13","gravel",NA,NA,NA,"obstruction"
"-2089 60 13","gravel",NA,NA,NA,"obstruction"
"-2089 61 13","gravel",NA,NA,NA,"obstruction"
"-2088 60 13","gravel",NA,NA,NA,"obstruction"
"-2088 61 13","gravel",NA,NA,NA,"obstruction"
"-2208 60 14","gravel",NA,NA,NA,"obstruction"
"-2208 61 14","gravel",NA,NA,NA,"obstruction"
"-2208 62 14","gravel",NA,NA,NA,"obstruction"
"-2182 60 14","block_victim_1",NA,NA,C6,"Victim A"
"-2180 60 14","gravel",NA,NA,NA,"obstruction"
"-2180 61 14","gravel",NA,NA,NA,"obstruction"
"-2169 60 14","gravel",NA,NA,NA,"obstruction"
"-2169 61 14","gravel",NA,NA,NA,"obstruction"
"-2168 60 14","gravel",NA,NA,NA,"obstruction"
"-2168 61 14","gravel",NA,NA,NA,"obstruction"
"-2131 60 14","gravel",NA,NA,NA,"obstruction"
"-2131 61 14","gravel",NA,NA,NA,"obstruction"
"-2112 60 14","gravel",NA,NA,NA,"obstruction"
"-2112 61 14","gravel",NA,NA,NA,"obstruction"
"-2109 60 14","gravel",NA,NA,NA,"obstruction"
"-2109 61 14","gravel",NA,NA,NA,"obstruction"
"-2109 62 14","gravel",NA,NA,NA,"obstruction"
"-2108 60 14","gravel",NA,NA,NA,"obstruction"
"-2108 61 14","gravel",NA,NA,NA,"obstruction"
"-2107 60 14","gravel",NA,NA,NA,"obstruction"
"-2107 61 14","gravel",NA,NA,NA,"obstruction"
"-2107 62 14","gravel",NA,NA,NA,"obstruction"
"-2106 60 14","gravel",NA,NA,NA,"obstruction"
"-2106 61 14","gravel",NA,NA,NA,"obstruction"
"-2097 60 14","gravel",NA,NA,NA,"obstruction"
"-2097 61 14","gravel",NA,NA,NA,"obstruction"
"-2095 60 14","block_victim_proximity",NA,NA,L3,"Victim C"
"-2093 60 14","gravel",NA,NA,NA,"obstruction"
"-2093 61 14","gravel",NA,NA,NA,"obstruction"
"-2208 60 15","gravel",NA,NA,NA,"obstruction"
"-2208 61 15","gravel",NA,NA,NA,"obstruction"
"-2180 59 15","block_rubble_collapse",NA,-2185 60 19 -2185 60 19,NA,"collapse threat"
"-2162 60 15","gravel",NA,NA,NA,"obstruction"
"-2162 61 15","gravel",NA,NA,NA,"obstruction"
"-2162 62 15","gravel",NA,NA,NA,"obstruction"
"-2112 60 15","gravel",NA,NA,NA,"obstruction"
"-2112 61 15","gravel",NA,NA,NA,"obstruction"
"-2112 62 15","gravel",NA,NA,NA,"obstruction"
"-2097 60 15","gravel",NA,NA,NA,"obstruction"
"-2097 61 15","gravel",NA,NA,NA,"obstruction"
"-2097 62 15","gravel",NA,NA,NA,"obstruction"
"-2208 60 16","gravel",NA,NA,NA,"obstruction"
"-2208 61 16","gravel",NA,NA,NA,"obstruction"
"-2208 62 16","gravel",NA,NA,NA,"obstruction"
"-2182 60 16","block_victim_proximity",NA,NA,C6,"Victim C"
"-2180 60 16","gravel",NA,NA,NA,"obstruction"
"-2180 61 16","gravel",NA,NA,NA,"obstruction"
"-2168 60 16","gravel",NA,NA,NA,"obstruction"
"-2168 61 16","gravel",NA,NA,NA,"obstruction"
"-2112 60 16","gravel",NA,NA,NA,"obstruction"
"-2112 61 16","gravel",NA,NA,NA,"obstruction"
"-2097 60 16","gravel",NA,NA,NA,"obstruction"
"-2097 61 16","gravel",NA,NA,NA,"obstruction"
"-2093 60 16","gravel",NA,NA,NA,"obstruction"
"-2093 61 16","gravel",NA,NA,NA,"obstruction"
"-2208 60 17","gravel",NA,NA,NA,"obstruction"
"-2208 61 17","gravel",NA,NA,NA,"obstruction"
"-2180 60 17","gravel",NA,NA,NA,"obstruction"
"-2180 61 17","gravel",NA,NA,NA,"obstruction"
"-2180 62 17","gravel",NA,NA,NA,"obstruction"
"-2157 60 17","gravel",NA,NA,NA,"obstruction"
"-2156 60 17","gravel",NA,NA,NA,"obstruction"
"-2155 60 17","gravel",NA,NA,NA,"obstruction"
"-2128 60 17","gravel",NA,NA,NA,"obstruction"
"-2128 61 17","gravel",NA,NA,NA,"obstruction"
"-2126 60 17","gravel",NA,NA,NA,"obstruction"
"-2126 61 17","gravel",NA,NA,NA,"obstruction"
"-2126 62 17","gravel",NA,NA,NA,"obstruction"
"-2125 60 17","gravel",NA,NA,NA,"obstruction"
"-2125 61 17","gravel",NA,NA,NA,"obstruction"
"-2124 60 17","gravel",NA,NA,NA,"obstruction"
"-2124 61 17","gravel",NA,NA,NA,"obstruction"
"-2124 62 17","gravel",NA,NA,NA,"obstruction"
"-2115 60 17","gravel",NA,NA,NA,"obstruction"
"-2115 61 17","gravel",NA,NA,NA,"obstruction"
"-2115 62 17","gravel",NA,NA,NA,"obstruction"
"-2114 60 17","gravel",NA,NA,NA,"obstruction"
"-2114 61 17","gravel",NA,NA,NA,"obstruction"
"-2114 62 17","gravel",NA,NA,NA,"obstruction"
"-2112 60 17","gravel",NA,NA,NA,"obstruction"
"-2112 61 17","gravel",NA,NA,NA,"obstruction"
"-2112 62 17","gravel",NA,NA,NA,"obstruction"
"-2097 60 17","gravel",NA,NA,NA,"obstruction"
"-2097 61 17","gravel",NA,NA,NA,"obstruction"
"-2097 62 17","gravel",NA,NA,NA,"obstruction"
"-2093 60 17","gravel",NA,NA,NA,"obstruction"
"-2093 61 17","gravel",NA,NA,NA,"obstruction"
"-2219 60 18","gravel",NA,NA,NA,"obstruction"
"-2219 61 18","gravel",NA,NA,NA,"obstruction"
"-2219 62 18","gravel",NA,NA,NA,"obstruction"
"-2218 60 18","gravel",NA,NA,NA,"obstruction"
"-2218 61 18","gravel",NA,NA,NA,"obstruction"
"-2217 60 18","gravel",NA,NA,NA,"obstruction"
"-2217 61 18","gravel",NA,NA,NA,"obstruction"
"-2217 62 18","gravel",NA,NA,NA,"obstruction"
"-2208 60 18","gravel",NA,NA,NA,"obstruction"
"-2208 61 18","gravel",NA,NA,NA,"obstruction"
"-2208 62 18","gravel",NA,NA,NA,"obstruction"
"-2194 60 18","gravel",NA,NA,NA,"obstruction"
"-2194 61 18","gravel",NA,NA,NA,"obstruction"
"-2194 62 18","gravel",NA,NA,NA,"obstruction"
"-2193 60 18","gravel",NA,NA,NA,"obstruction"
"-2193 61 18","gravel",NA,NA,NA,"obstruction"
"-2192 60 18","gravel",NA,NA,NA,"obstruction"
"-2192 61 18","gravel",NA,NA,NA,"obstruction"
"-2192 62 18","gravel",NA,NA,NA,"obstruction"
"-2112 60 18","gravel",NA,NA,NA,"obstruction"
"-2112 61 18","gravel",NA,NA,NA,"obstruction"
"-2097 60 18","gravel",NA,NA,NA,"obstruction"
"-2097 61 18","gravel",NA,NA,NA,"obstruction"
"-2095 60 18","gravel",NA,NA,NA,"obstruction"
"-2095 61 18","gravel",NA,NA,NA,"obstruction"
"-2094 60 18","gravel",NA,NA,NA,"obstruction"
"-2094 61 18","gravel",NA,NA,NA,"obstruction"
"-2093 60 18","gravel",NA,NA,NA,"obstruction"
"-2093 61 18","gravel",NA,NA,NA,"obstruction"
"-2219 60 19","gravel",NA,NA,NA,"obstruction"
"-2219 61 19","gravel",NA,NA,NA,"obstruction"
"-2218 60 19","block_victim_1",NA,NA,A3,"Victim A"
"-2217 60 19","block_victim_proximity",NA,NA,A3,"Victim C"
"-2208 60 19","gravel",NA,NA,NA,"obstruction"
"-2208 61 19","gravel",NA,NA,NA,"obstruction"
"-2194 60 19","gravel",NA,NA,NA,"obstruction"
"-2194 61 19","gravel",NA,NA,NA,"obstruction"
"-2112 60 19","gravel",NA,NA,NA,"obstruction"
"-2112 61 19","gravel",NA,NA,NA,"obstruction"
"-2112 62 19","gravel",NA,NA,NA,"obstruction"
"-2219 60 20","gravel",NA,NA,NA,"obstruction"
"-2219 61 20","gravel",NA,NA,NA,"obstruction"
"-2219 62 20","gravel",NA,NA,NA,"obstruction"
"-2208 60 20","gravel",NA,NA,NA,"obstruction"
"-2208 61 20","gravel",NA,NA,NA,"obstruction"
"-2208 62 20","gravel",NA,NA,NA,"obstruction"
"-2194 60 20","gravel",NA,NA,NA,"obstruction"
"-2194 61 20","gravel",NA,NA,NA,"obstruction"
"-2194 62 20","gravel",NA,NA,NA,"obstruction"
"-2095 60 20","gravel",NA,NA,NA,"obstruction"
"-2095 61 20","gravel",NA,NA,NA,"obstruction"
"-2095 62 20","gravel",NA,NA,NA,"obstruction"
"-2219 60 21","gravel",NA,NA,NA,"obstruction"
"-2219 61 21","gravel",NA,NA,NA,"obstruction"
"-2208 60 21","gravel",NA,NA,NA,"obstruction"
"-2208 61 21","gravel",NA,NA,NA,"obstruction"
"-2194 60 21","gravel",NA,NA,NA,"obstruction"
"-2194 61 21","gravel",NA,NA,NA,"obstruction"
"-2095 60 21","gravel",NA,NA,NA,"obstruction"
"-2095 61 21","gravel",NA,NA,NA,"obstruction"
"-2219 60 22","gravel",NA,NA,NA,"obstruction"
"-2219 61 22","gravel",NA,NA,NA,"obstruction"
"-2219 62 22","gravel",NA,NA,NA,"obstruction"
"-2218 59 22","block_rubble_collapse",NA,-2216 60 29 -2216 60 29,NA,"collapse threat"
"-2218 59 22","block_rubble_collapse",NA,-2216 60 45 -2216 60 45,NA,"collapse threat"
"-2217 60 22","gravel",NA,NA,NA,"obstruction"
"-2217 61 22","gravel",NA,NA,NA,"obstruction"
"-2217 62 22","gravel",NA,NA,NA,"obstruction"
"-2130 60 22","block_victim_1b",NA,NA,I3,"Victim B"
"-2107 60 22","gravel",NA,NA,NA,"obstruction"
"-2107 61 22","gravel",NA,NA,NA,"obstruction"
"-2095 60 22","gravel",NA,NA,NA,"obstruction"
"-2095 61 22","gravel",NA,NA,NA,"obstruction"
"-2095 62 22","gravel",NA,NA,NA,"obstruction"
"-2132 60 23","block_victim_proximity",NA,NA,I3,"Victim C"
"-2126 60 23","gravel",NA,NA,NA,"obstruction"
"-2113 60 23","gravel",NA,NA,NA,"obstruction"
"-2113 61 23","gravel",NA,NA,NA,"obstruction"
"-2107 60 23","gravel",NA,NA,NA,"obstruction"
"-2107 61 23","gravel",NA,NA,NA,"obstruction"
"-2107 62 23","gravel",NA,NA,NA,"obstruction"
"-2095 60 23","gravel",NA,NA,NA,"obstruction"
"-2095 61 23","gravel",NA,NA,NA,"obstruction"
"-2162 60 24","gravel",NA,NA,NA,"obstruction"
"-2162 61 24","gravel",NA,NA,NA,"obstruction"
"-2154 60 24","gravel",NA,NA,NA,"obstruction"
"-2154 61 24","gravel",NA,NA,NA,"obstruction"
"-2149 60 24","gravel",NA,NA,NA,"obstruction"
"-2148 60 24","gravel",NA,NA,NA,"obstruction"
"-2147 60 24","gravel",NA,NA,NA,"obstruction"
"-2147 61 24","gravel",NA,NA,NA,"obstruction"
"-2126 60 24","gravel",NA,NA,NA,"obstruction"
"-2125 60 24","gravel",NA,NA,NA,"obstruction"
"-2125 61 24","gravel",NA,NA,NA,"obstruction"
"-2125 62 24","gravel",NA,NA,NA,"obstruction"
"-2113 60 24","gravel",NA,NA,NA,"obstruction"
"-2113 61 24","gravel",NA,NA,NA,"obstruction"
"-2113 62 24","gravel",NA,NA,NA,"obstruction"
"-2107 60 24","gravel",NA,NA,NA,"obstruction"
"-2107 61 24","gravel",NA,NA,NA,"obstruction"
"-2095 60 24","gravel",NA,NA,NA,"obstruction"
"-2095 61 24","gravel",NA,NA,NA,"obstruction"
"-2095 62 24","gravel",NA,NA,NA,"obstruction"
"-2178 60 25","gravel",NA,NA,NA,"obstruction"
"-2178 61 25","gravel",NA,NA,NA,"obstruction"
"-2168 60 25","gravel",NA,NA,NA,"obstruction"
"-2168 61 25","gravel",NA,NA,NA,"obstruction"
"-2162 60 25","block_victim_proximity",NA,NA,F2,"Victim C"
"-2147 60 25","gravel",NA,NA,NA,"obstruction"
"-2147 61 25","gravel",NA,NA,NA,"obstruction"
"-2147 62 25","gravel",NA,NA,NA,"obstruction"
"-2113 60 25","gravel",NA,NA,NA,"obstruction"
"-2113 61 25","gravel",NA,NA,NA,"obstruction"
"-2107 60 25","gravel",NA,NA,NA,"obstruction"
"-2107 61 25","gravel",NA,NA,NA,"obstruction"
"-2107 62 25","gravel",NA,NA,NA,"obstruction"
"-2095 60 25","gravel",NA,NA,NA,"obstruction"
"-2095 61 25","gravel",NA,NA,NA,"obstruction"
"-2178 60 26","gravel",NA,NA,NA,"obstruction"
"-2178 61 26","gravel",NA,NA,NA,"obstruction"
"-2178 62 26","gravel",NA,NA,NA,"obstruction"
"-2157 60 26","gravel",NA,NA,NA,"obstruction"
"-2156 60 26","gravel",NA,NA,NA,"obstruction"
"-2155 60 26","gravel",NA,NA,NA,"obstruction"
"-2132 60 26","gravel",NA,NA,NA,"obstruction"
"-2132 61 26","gravel",NA,NA,NA,"obstruction"
"-2131 60 26","gravel",NA,NA,NA,"obstruction"
"-2131 61 26","gravel",NA,NA,NA,"obstruction"
"-2131 62 26","gravel",NA,NA,NA,"obstruction"
"-2130 60 26","gravel",NA,NA,NA,"obstruction"
"-2130 61 26","gravel",NA,NA,NA,"obstruction"
"-2113 60 26","gravel",NA,NA,NA,"obstruction"
"-2113 61 26","gravel",NA,NA,NA,"obstruction"
"-2113 62 26","gravel",NA,NA,NA,"obstruction"
"-2107 60 26","gravel",NA,NA,NA,"obstruction"
"-2107 61 26","gravel",NA,NA,NA,"obstruction"
"-2095 60 26","gravel",NA,NA,NA,"obstruction"
"-2095 61 26","gravel",NA,NA,NA,"obstruction"
"-2095 62 26","gravel",NA,NA,NA,"obstruction"
"-2130 59 27","block_rubble_collapse",NA,-2124 60 29 -2124 60 29,NA,"collapse threat"
"-2113 60 27","gravel",NA,NA,NA,"obstruction"
"-2113 61 27","gravel",NA,NA,NA,"obstruction"
"-2107 60 27","gravel",NA,NA,NA,"obstruction"
"-2107 61 27","gravel",NA,NA,NA,"obstruction"
"-2107 62 27","gravel",NA,NA,NA,"obstruction"
"-2095 60 27","gravel",NA,NA,NA,"obstruction"
"-2095 61 27","gravel",NA,NA,NA,"obstruction"
"-2199 60 28","gravel",NA,NA,NA,"obstruction"
"-2199 61 28","gravel",NA,NA,NA,"obstruction"
"-2199 62 28","gravel",NA,NA,NA,"obstruction"
"-2198 60 28","gravel",NA,NA,NA,"obstruction"
"-2198 61 28","gravel",NA,NA,NA,"obstruction"
"-2113 60 28","gravel",NA,NA,NA,"obstruction"
"-2113 61 28","gravel",NA,NA,NA,"obstruction"
"-2113 62 28","gravel",NA,NA,NA,"obstruction"
"-2109 60 28","gravel",NA,NA,NA,"obstruction"
"-2108 60 28","gravel",NA,NA,NA,"obstruction"
"-2108 61 28","gravel",NA,NA,NA,"obstruction"
"-2108 62 28","gravel",NA,NA,NA,"obstruction"
"-2107 60 28","gravel",NA,NA,NA,"obstruction"
"-2107 61 28","gravel",NA,NA,NA,"obstruction"
"-2204 60 29","gravel",NA,NA,NA,"obstruction"
"-2204 61 29","gravel",NA,NA,NA,"obstruction"
"-2182 60 29","gravel",NA,NA,NA,"obstruction"
"-2182 61 29","gravel",NA,NA,NA,"obstruction"
"-2182 62 29","gravel",NA,NA,NA,"obstruction"
"-2162 60 29","gravel",NA,NA,NA,"obstruction"
"-2162 61 29","gravel",NA,NA,NA,"obstruction"
"-2113 60 29","gravel",NA,NA,NA,"obstruction"
"-2113 61 29","gravel",NA,NA,NA,"obstruction"
"-2094 60 29","gravel",NA,NA,NA,"obstruction"
"-2094 61 29","gravel",NA,NA,NA,"obstruction"
"-2204 60 30","gravel",NA,NA,NA,"obstruction"
"-2204 61 30","gravel",NA,NA,NA,"obstruction"
"-2204 62 30","gravel",NA,NA,NA,"obstruction"
"-2182 60 30","gravel",NA,NA,NA,"obstruction"
"-2182 61 30","gravel",NA,NA,NA,"obstruction"
"-2167 60 30","gravel",NA,NA,NA,"obstruction"
"-2167 61 30","gravel",NA,NA,NA,"obstruction"
"-2127 60 30","gravel",NA,NA,NA,"obstruction"
"-2126 60 30","gravel",NA,NA,NA,"obstruction"
"-2126 61 30","gravel",NA,NA,NA,"obstruction"
"-2125 60 30","gravel",NA,NA,NA,"obstruction"
"-2125 61 30","gravel",NA,NA,NA,"obstruction"
"-2125 62 30","gravel",NA,NA,NA,"obstruction"
"-2124 60 30","gravel",NA,NA,NA,"obstruction"
"-2124 61 30","gravel",NA,NA,NA,"obstruction"
"-2124 62 30","gravel",NA,NA,NA,"obstruction"
"-2113 60 30","gravel",NA,NA,NA,"obstruction"
"-2113 61 30","gravel",NA,NA,NA,"obstruction"
"-2113 62 30","gravel",NA,NA,NA,"obstruction"
"-2112 60 30","gravel",NA,NA,NA,"obstruction"
"-2112 61 30","gravel",NA,NA,NA,"obstruction"
"-2111 60 30","gravel",NA,NA,NA,"obstruction"
"-2094 60 30","gravel",NA,NA,NA,"obstruction"
"-2094 61 30","gravel",NA,NA,NA,"obstruction"
"-2094 62 30","gravel",NA,NA,NA,"obstruction"
"-2089 60 30","gravel",NA,NA,NA,"obstruction"
"-2089 61 30","gravel",NA,NA,NA,"obstruction"
"-2204 60 31","gravel",NA,NA,NA,"obstruction"
"-2204 61 31","gravel",NA,NA,NA,"obstruction"
"-2184 60 31","gravel",NA,NA,NA,"obstruction"
"-2184 61 31","gravel",NA,NA,NA,"obstruction"
"-2183 60 31","gravel",NA,NA,NA,"obstruction"
"-2183 61 31","gravel",NA,NA,NA,"obstruction"
"-2182 60 31","gravel",NA,NA,NA,"obstruction"
"-2182 61 31","gravel",NA,NA,NA,"obstruction"
"-2127 60 31","gravel",NA,NA,NA,"obstruction"
"-2094 60 31","gravel",NA,NA,NA,"obstruction"
"-2094 61 31","gravel",NA,NA,NA,"obstruction"
"-2089 60 31","gravel",NA,NA,NA,"obstruction"
"-2089 61 31","gravel",NA,NA,NA,"obstruction"
"-2204 60 32","gravel",NA,NA,NA,"obstruction"
"-2204 61 32","gravel",NA,NA,NA,"obstruction"
"-2204 62 32","gravel",NA,NA,NA,"obstruction"
"-2094 60 32","gravel",NA,NA,NA,"obstruction"
"-2094 61 32","gravel",NA,NA,NA,"obstruction"
"-2094 62 32","gravel",NA,NA,NA,"obstruction"
"-2089 60 32","gravel",NA,NA,NA,"obstruction"
"-2089 61 32","gravel",NA,NA,NA,"obstruction"
"-2209 60 33","gravel",NA,NA,NA,"obstruction"
"-2209 61 33","gravel",NA,NA,NA,"obstruction"
"-2209 62 33","gravel",NA,NA,NA,"obstruction"
"-2208 60 33","gravel",NA,NA,NA,"obstruction"
"-2208 61 33","gravel",NA,NA,NA,"obstruction"
"-2208 62 33","gravel",NA,NA,NA,"obstruction"
"-2204 60 33","gravel",NA,NA,NA,"obstruction"
"-2204 61 33","gravel",NA,NA,NA,"obstruction"
"-2199 60 33","block_victim_proximity",NA,NA,B6,"Victim C"
"-2198 60 33","block_victim_proximity",NA,NA,B6,"Victim C"
"-2197 60 33","block_victim_proximity",NA,NA,B6,"Victim C"
"-2126 60 33","gravel",NA,NA,NA,"obstruction"
"-2126 61 33","gravel",NA,NA,NA,"obstruction"
"-2124 60 33","gravel",NA,NA,NA,"obstruction"
"-2124 61 33","gravel",NA,NA,NA,"obstruction"
"-2124 62 33","gravel",NA,NA,NA,"obstruction"
"-2113 60 33","gravel",NA,NA,NA,"obstruction"
"-2113 61 33","gravel",NA,NA,NA,"obstruction"
"-2094 60 33","gravel",NA,NA,NA,"obstruction"
"-2094 61 33","gravel",NA,NA,NA,"obstruction"
"-2090 60 33","gravel",NA,NA,NA,"obstruction"
"-2090 61 33","gravel",NA,NA,NA,"obstruction"
"-2090 62 33","gravel",NA,NA,NA,"obstruction"
"-2089 60 33","gravel",NA,NA,NA,"obstruction"
"-2089 61 33","gravel",NA,NA,NA,"obstruction"
"-2089 62 33","gravel",NA,NA,NA,"obstruction"
"-2204 60 34","gravel",NA,NA,NA,"obstruction"
"-2204 61 34","gravel",NA,NA,NA,"obstruction"
"-2204 62 34","gravel",NA,NA,NA,"obstruction"
"-2202 60 34","gravel",NA,NA,NA,"obstruction"
"-2202 61 34","gravel",NA,NA,NA,"obstruction"
"-2202 62 34","gravel",NA,NA,NA,"obstruction"
"-2199 60 34","gravel",NA,NA,NA,"obstruction"
"-2199 61 34","gravel",NA,NA,NA,"obstruction"
"-2199 62 34","gravel",NA,NA,NA,"obstruction"
"-2126 60 34","gravel",NA,NA,NA,"obstruction"
"-2113 60 34","gravel",NA,NA,NA,"obstruction"
"-2113 61 34","gravel",NA,NA,NA,"obstruction"
"-2113 62 34","gravel",NA,NA,NA,"obstruction"
"-2094 60 34","gravel",NA,NA,NA,"obstruction"
"-2094 61 34","gravel",NA,NA,NA,"obstruction"
"-2094 62 34","gravel",NA,NA,NA,"obstruction"
"-2183 60 35","block_victim_proximity",NA,NA,C3,"Victim C"
"-2182 60 35","block_victim_1b",NA,NA,C3,"Victim B"
"-2181 60 35","gravel",NA,NA,NA,"obstruction"
"-2181 61 35","gravel",NA,NA,NA,"obstruction"
"-2172 60 35","gravel",NA,NA,NA,"obstruction"
"-2172 61 35","gravel",NA,NA,NA,"obstruction"
"-2172 62 35","gravel",NA,NA,NA,"obstruction"
"-2165 60 35","gravel",NA,NA,NA,"obstruction"
"-2165 61 35","gravel",NA,NA,NA,"obstruction"
"-2165 62 35","gravel",NA,NA,NA,"obstruction"
"-2140 60 35","gravel",NA,NA,NA,"obstruction"
"-2140 61 35","gravel",NA,NA,NA,"obstruction"
"-2140 62 35","gravel",NA,NA,NA,"obstruction"
"-2138 60 35","gravel",NA,NA,NA,"obstruction"
"-2138 61 35","gravel",NA,NA,NA,"obstruction"
"-2126 60 35","gravel",NA,NA,NA,"obstruction"
"-2126 61 35","gravel",NA,NA,NA,"obstruction"
"-2113 60 35","gravel",NA,NA,NA,"obstruction"
"-2113 61 35","gravel",NA,NA,NA,"obstruction"
"-2094 60 35","gravel",NA,NA,NA,"obstruction"
"-2094 61 35","gravel",NA,NA,NA,"obstruction"
"-2208 60 36","gravel",NA,NA,NA,"obstruction"
"-2208 61 36","gravel",NA,NA,NA,"obstruction"
"-2207 60 36","block_victim_proximity",NA,NA,B2,"Victim C"
"-2203 60 36","gravel",NA,NA,NA,"obstruction"
"-2203 61 36","gravel",NA,NA,NA,"obstruction"
"-2203 62 36","gravel",NA,NA,NA,"obstruction"
"-2200 60 36","gravel",NA,NA,NA,"obstruction"
"-2200 61 36","gravel",NA,NA,NA,"obstruction"
"-2181 60 36","gravel",NA,NA,NA,"obstruction"
"-2181 61 36","gravel",NA,NA,NA,"obstruction"
"-2181 62 36","gravel",NA,NA,NA,"obstruction"
"-2167 60 36","block_victim_1b",NA,NA,D4,"Victim B"
"-2165 60 36","gravel",NA,NA,NA,"obstruction"
"-2165 61 36","gravel",NA,NA,NA,"obstruction"
"-2140 60 36","gravel",NA,NA,NA,"obstruction"
"-2140 61 36","gravel",NA,NA,NA,"obstruction"
"-2140 62 36","gravel",NA,NA,NA,"obstruction"
"-2139 60 36","gravel",NA,NA,NA,"obstruction"
"-2139 61 36","gravel",NA,NA,NA,"obstruction"
"-2139 62 36","gravel",NA,NA,NA,"obstruction"
"-2138 60 36","gravel",NA,NA,NA,"obstruction"
"-2138 61 36","gravel",NA,NA,NA,"obstruction"
"-2126 60 36","gravel",NA,NA,NA,"obstruction"
"-2113 60 36","gravel",NA,NA,NA,"obstruction"
"-2113 61 36","gravel",NA,NA,NA,"obstruction"
"-2113 62 36","gravel",NA,NA,NA,"obstruction"
"-2112 60 36","gravel",NA,NA,NA,"obstruction"
"-2112 61 36","gravel",NA,NA,NA,"obstruction"
"-2111 60 36","gravel",NA,NA,NA,"obstruction"
"-2111 61 36","gravel",NA,NA,NA,"obstruction"
"-2111 62 36","gravel",NA,NA,NA,"obstruction"
"-2094 60 36","gravel",NA,NA,NA,"obstruction"
"-2094 61 36","gravel",NA,NA,NA,"obstruction"
"-2094 62 36","gravel",NA,NA,NA,"obstruction"
"-2208 60 37","gravel",NA,NA,NA,"obstruction"
"-2208 61 37","gravel",NA,NA,NA,"obstruction"
"-2208 62 37","gravel",NA,NA,NA,"obstruction"
"-2203 60 37","gravel",NA,NA,NA,"obstruction"
"-2203 61 37","gravel",NA,NA,NA,"obstruction"
"-2200 60 37","gravel",NA,NA,NA,"obstruction"
"-2200 61 37","gravel",NA,NA,NA,"obstruction"
"-2200 62 37","gravel",NA,NA,NA,"obstruction"
"-2173 60 37","gravel",NA,NA,NA,"obstruction"
"-2173 61 37","gravel",NA,NA,NA,"obstruction"
"-2172 60 37","gravel",NA,NA,NA,"obstruction"
"-2172 61 37","gravel",NA,NA,NA,"obstruction"
"-2172 62 37","gravel",NA,NA,NA,"obstruction"
"-2167 60 37","block_victim_proximity",NA,NA,D4,"Victim C"
"-2165 60 37","gravel",NA,NA,NA,"obstruction"
"-2165 61 37","gravel",NA,NA,NA,"obstruction"
"-2165 62 37","gravel",NA,NA,NA,"obstruction"
"-2126 60 37","gravel",NA,NA,NA,"obstruction"
"-2126 61 37","gravel",NA,NA,NA,"obstruction"
"-2165 59 38","block_rubble_collapse",NA,-2158 60 38 -2158 60 38,NA,"collapse threat"
"-2143 60 38","block_victim_1",NA,NA,H1,"Victim A"
"-2142 60 38","block_victim_1b",NA,NA,H1,"Victim B"
"-2126 60 38","gravel",NA,NA,NA,"obstruction"
"-2099 60 38","gravel",NA,NA,NA,"obstruction"
"-2099 61 38","gravel",NA,NA,NA,"obstruction"
"-2173 60 39","gravel",NA,NA,NA,"obstruction"
"-2173 61 39","gravel",NA,NA,NA,"obstruction"
"-2171 60 39","gravel",NA,NA,NA,"obstruction"
"-2171 61 39","gravel",NA,NA,NA,"obstruction"
"-2165 60 39","gravel",NA,NA,NA,"obstruction"
"-2165 61 39","gravel",NA,NA,NA,"obstruction"
"-2165 62 39","gravel",NA,NA,NA,"obstruction"
"-2133 60 39","block_victim_proximity",NA,NA,I2,"Victim C"
"-2131 60 39","gravel",NA,NA,NA,"obstruction"
"-2131 61 39","gravel",NA,NA,NA,"obstruction"
"-2131 62 39","gravel",NA,NA,NA,"obstruction"
"-2126 60 39","gravel",NA,NA,NA,"obstruction"
"-2126 61 39","gravel",NA,NA,NA,"obstruction"
"-2181 59 40","block_rubble_collapse",NA,-2185 60 40 -2185 60 40,NA,"collapse threat"
"-2165 60 40","gravel",NA,NA,NA,"obstruction"
"-2165 61 40","gravel",NA,NA,NA,"obstruction"
"-2133 60 40","gravel",NA,NA,NA,"obstruction"
"-2132 60 40","gravel",NA,NA,NA,"obstruction"
"-2132 61 40","gravel",NA,NA,NA,"obstruction"
"-2131 60 40","gravel",NA,NA,NA,"obstruction"
"-2131 61 40","gravel",NA,NA,NA,"obstruction"
"-2131 62 40","gravel",NA,NA,NA,"obstruction"
"-2109 60 40","gravel",NA,NA,NA,"obstruction"
"-2109 61 40","gravel",NA,NA,NA,"obstruction"
"-2109 62 40","gravel",NA,NA,NA,"obstruction"
"-2108 60 40","gravel",NA,NA,NA,"obstruction"
"-2108 61 40","gravel",NA,NA,NA,"obstruction"
"-2107 60 40","gravel",NA,NA,NA,"obstruction"
"-2107 61 40","gravel",NA,NA,NA,"obstruction"
"-2107 62 40","gravel",NA,NA,NA,"obstruction"
"-2106 60 40","gravel",NA,NA,NA,"obstruction"
"-2106 61 40","gravel",NA,NA,NA,"obstruction"
"-2099 60 40","gravel",NA,NA,NA,"obstruction"
"-2099 61 40","gravel",NA,NA,NA,"obstruction"
"-2098 60 40","gravel",NA,NA,NA,"obstruction"
"-2098 61 40","gravel",NA,NA,NA,"obstruction"
"-2098 62 40","gravel",NA,NA,NA,"obstruction"
"-2097 60 40","gravel",NA,NA,NA,"obstruction"
"-2097 61 40","gravel",NA,NA,NA,"obstruction"
"-2096 60 40","gravel",NA,NA,NA,"obstruction"
"-2096 61 40","gravel",NA,NA,NA,"obstruction"
"-2096 62 40","gravel",NA,NA,NA,"obstruction"
"-2095 60 40","gravel",NA,NA,NA,"obstruction"
"-2095 61 40","gravel",NA,NA,NA,"obstruction"
"-2094 60 40","gravel",NA,NA,NA,"obstruction"
"-2094 61 40","gravel",NA,NA,NA,"obstruction"
"-2094 62 40","gravel",NA,NA,NA,"obstruction"
"-2093 60 40","gravel",NA,NA,NA,"obstruction"
"-2093 61 40","gravel",NA,NA,NA,"obstruction"
"-2092 60 40","gravel",NA,NA,NA,"obstruction"
"-2092 61 40","gravel",NA,NA,NA,"obstruction"
"-2092 62 40","gravel",NA,NA,NA,"obstruction"
"-2174 60 41","gravel",NA,NA,NA,"obstruction"
"-2174 61 41","gravel",NA,NA,NA,"obstruction"
"-2174 62 41","gravel",NA,NA,NA,"obstruction"
"-2165 60 41","gravel",NA,NA,NA,"obstruction"
"-2165 61 41","gravel",NA,NA,NA,"obstruction"
"-2165 62 41","gravel",NA,NA,NA,"obstruction"
"-2174 60 42","gravel",NA,NA,NA,"obstruction"
"-2174 61 42","gravel",NA,NA,NA,"obstruction"
"-2174 62 42","gravel",NA,NA,NA,"obstruction"
"-2165 60 42","gravel",NA,NA,NA,"obstruction"
"-2165 61 42","gravel",NA,NA,NA,"obstruction"
"-2139 60 42","gravel",NA,NA,NA,"obstruction"
"-2139 61 42","gravel",NA,NA,NA,"obstruction"
"-2137 60 42","gravel",NA,NA,NA,"obstruction"
"-2137 61 42","gravel",NA,NA,NA,"obstruction"
"-2174 60 43","gravel",NA,NA,NA,"obstruction"
"-2174 61 43","gravel",NA,NA,NA,"obstruction"
"-2174 62 43","gravel",NA,NA,NA,"obstruction"
"-2146 60 43","gravel",NA,NA,NA,"obstruction"
"-2146 61 43","gravel",NA,NA,NA,"obstruction"
"-2145 60 43","gravel",NA,NA,NA,"obstruction"
"-2145 61 43","gravel",NA,NA,NA,"obstruction"
"-2145 62 43","gravel",NA,NA,NA,"obstruction"
"-2144 60 43","gravel",NA,NA,NA,"obstruction"
"-2144 61 43","gravel",NA,NA,NA,"obstruction"
"-2143 60 43","gravel",NA,NA,NA,"obstruction"
"-2143 61 43","gravel",NA,NA,NA,"obstruction"
"-2143 62 43","gravel",NA,NA,NA,"obstruction"
"-2182 60 44","gravel",NA,NA,NA,"obstruction"
"-2182 61 44","gravel",NA,NA,NA,"obstruction"
"-2181 60 44","gravel",NA,NA,NA,"obstruction"
"-2181 61 44","gravel",NA,NA,NA,"obstruction"
"-2181 62 44","gravel",NA,NA,NA,"obstruction"
"-2180 60 44","gravel",NA,NA,NA,"obstruction"
"-2180 61 44","gravel",NA,NA,NA,"obstruction"
"-2179 60 44","gravel",NA,NA,NA,"obstruction"
"-2179 61 44","gravel",NA,NA,NA,"obstruction"
"-2179 62 44","gravel",NA,NA,NA,"obstruction"
"-2169 60 44","gravel",NA,NA,NA,"obstruction"
"-2169 61 44","gravel",NA,NA,NA,"obstruction"
"-2169 62 44","gravel",NA,NA,NA,"obstruction"
"-2109 60 44","block_victim_1",NA,NA,K1,"Victim A"
"-2108 60 44","gravel",NA,NA,NA,"obstruction"
"-2108 61 44","gravel",NA,NA,NA,"obstruction"
"-2108 62 44","gravel",NA,NA,NA,"obstruction"
"-2160 60 45","gravel",NA,NA,NA,"obstruction"
"-2160 61 45","gravel",NA,NA,NA,"obstruction"
"-2140 60 45","gravel",NA,NA,NA,"obstruction"
"-2140 61 45","gravel",NA,NA,NA,"obstruction"
"-2136 60 45","gravel",NA,NA,NA,"obstruction"
"-2136 61 45","gravel",NA,NA,NA,"obstruction"
"-2133 60 45","gravel",NA,NA,NA,"obstruction"
"-2133 61 45","gravel",NA,NA,NA,"obstruction"
"-2113 60 45","gravel",NA,NA,NA,"obstruction"
"-2113 61 45","gravel",NA,NA,NA,"obstruction"
"-2160 60 46","block_victim_1",NA,NA,D2,"Victim A"
"-2133 60 46","gravel",NA,NA,NA,"obstruction"
"-2133 61 46","gravel",NA,NA,NA,"obstruction"
"-2133 62 46","gravel",NA,NA,NA,"obstruction"
"-2128 60 46","gravel",NA,NA,NA,"obstruction"
"-2128 61 46","gravel",NA,NA,NA,"obstruction"
"-2113 60 46","gravel",NA,NA,NA,"obstruction"
"-2113 61 46","gravel",NA,NA,NA,"obstruction"
"-2112 60 46","block_victim_1",NA,NA,J1,"Victim A"
"-2111 60 46","block_victim_1b",NA,NA,J1,"Victim B"
"-2108 60 46","gravel",NA,NA,NA,"obstruction"
"-2108 61 46","gravel",NA,NA,NA,"obstruction"
"-2108 62 46","gravel",NA,NA,NA,"obstruction"
"-2160 60 47","block_victim_1b",NA,NA,D2,"Victim B"
"-2133 60 47","gravel",NA,NA,NA,"obstruction"
"-2133 61 47","gravel",NA,NA,NA,"obstruction"
"-2128 60 47","gravel",NA,NA,NA,"obstruction"
"-2128 61 47","gravel",NA,NA,NA,"obstruction"
"-2128 62 47","gravel",NA,NA,NA,"obstruction"
"-2126 60 47","gravel",NA,NA,NA,"obstruction"
"-2126 61 47","gravel",NA,NA,NA,"obstruction"
"-2113 60 47","gravel",NA,NA,NA,"obstruction"
"-2113 61 47","gravel",NA,NA,NA,"obstruction"
"-2113 62 47","gravel",NA,NA,NA,"obstruction"
"-2109 60 47","block_victim_proximity",NA,NA,K1,"Victim C"
"-2108 60 47","gravel",NA,NA,NA,"obstruction"
"-2108 61 47","gravel",NA,NA,NA,"obstruction"
"-2098 60 47","gravel",NA,NA,NA,"obstruction"
"-2098 61 47","gravel",NA,NA,NA,"obstruction"
"-2098 62 47","gravel",NA,NA,NA,"obstruction"
"-2219 60 48","gravel",NA,NA,NA,"obstruction"
"-2219 61 48","gravel",NA,NA,NA,"obstruction"
"-2159 60 48","gravel",NA,NA,NA,"obstruction"
"-2133 60 48","gravel",NA,NA,NA,"obstruction"
"-2133 61 48","gravel",NA,NA,NA,"obstruction"
"-2133 62 48","gravel",NA,NA,NA,"obstruction"
"-2128 60 48","gravel",NA,NA,NA,"obstruction"
"-2128 61 48","gravel",NA,NA,NA,"obstruction"
"-2126 60 48","gravel",NA,NA,NA,"obstruction"
"-2126 61 48","gravel",NA,NA,NA,"obstruction"
"-2126 62 48","gravel",NA,NA,NA,"obstruction"
"-2113 60 48","gravel",NA,NA,NA,"obstruction"
"-2113 61 48","gravel",NA,NA,NA,"obstruction"
"-2108 60 48","gravel",NA,NA,NA,"obstruction"
"-2108 61 48","gravel",NA,NA,NA,"obstruction"
"-2108 62 48","gravel",NA,NA,NA,"obstruction"
"-2106 60 48","gravel",NA,NA,NA,"obstruction"
"-2106 61 48","gravel",NA,NA,NA,"obstruction"
"-2098 60 48","gravel",NA,NA,NA,"obstruction"
"-2098 61 48","gravel",NA,NA,NA,"obstruction"
"-2219 60 49","gravel",NA,NA,NA,"obstruction"
"-2219 61 49","gravel",NA,NA,NA,"obstruction"
"-2219 62 49","gravel",NA,NA,NA,"obstruction"
"-2182 60 49","gravel",NA,NA,NA,"obstruction"
"-2182 61 49","gravel",NA,NA,NA,"obstruction"
"-2133 60 49","gravel",NA,NA,NA,"obstruction"
"-2133 61 49","gravel",NA,NA,NA,"obstruction"
"-2126 60 49","gravel",NA,NA,NA,"obstruction"
"-2126 61 49","gravel",NA,NA,NA,"obstruction"
"-2108 60 49","gravel",NA,NA,NA,"obstruction"
"-2108 61 49","gravel",NA,NA,NA,"obstruction"
"-2106 59 49","block_rubble_collapse",NA,-2104 60 49 -2104 60 49,NA,"collapse threat"
"-2098 60 49","gravel",NA,NA,NA,"obstruction"
"-2098 61 49","gravel",NA,NA,NA,"obstruction"
"-2098 62 49","gravel",NA,NA,NA,"obstruction"
"-2200 60 50","block_victim_1",NA,NA,B1,"Victim A"
"-2199 60 50","block_victim_1b",NA,NA,B1,"Victim B"
"-2182 60 50","gravel",NA,NA,NA,"obstruction"
"-2182 61 50","gravel",NA,NA,NA,"obstruction"
"-2147 60 50","gravel",NA,NA,NA,"obstruction"
"-2147 61 50","gravel",NA,NA,NA,"obstruction"
"-2126 60 50","gravel",NA,NA,NA,"obstruction"
"-2126 61 50","gravel",NA,NA,NA,"obstruction"
"-2126 62 50","gravel",NA,NA,NA,"obstruction"
"-2109 60 50","gravel",NA,NA,NA,"obstruction"
"-2109 61 50","gravel",NA,NA,NA,"obstruction"
"-2108 60 50","gravel",NA,NA,NA,"obstruction"
"-2108 61 50","gravel",NA,NA,NA,"obstruction"
"-2108 62 50","gravel",NA,NA,NA,"obstruction"
"-2106 60 50","gravel",NA,NA,NA,"obstruction"
"-2106 61 50","gravel",NA,NA,NA,"obstruction"
"-2106 62 50","gravel",NA,NA,NA,"obstruction"
"-2098 60 50","gravel",NA,NA,NA,"obstruction"
"-2219 60 51","gravel",NA,NA,NA,"obstruction"
"-2219 61 51","gravel",NA,NA,NA,"obstruction"
"-2219 62 51","gravel",NA,NA,NA,"obstruction"
"-2147 60 51","gravel",NA,NA,NA,"obstruction"
"-2147 61 51","gravel",NA,NA,NA,"obstruction"
"-2126 60 51","gravel",NA,NA,NA,"obstruction"
"-2126 61 51","gravel",NA,NA,NA,"obstruction"
"-2098 60 51","gravel",NA,NA,NA,"obstruction"
"-2098 61 51","gravel",NA,NA,NA,"obstruction"
"-2098 62 51","gravel",NA,NA,NA,"obstruction"
"-2092 60 51","gravel",NA,NA,NA,"obstruction"
"-2092 61 51","gravel",NA,NA,NA,"obstruction"
"-2219 60 52","gravel",NA,NA,NA,"obstruction"
"-2219 61 52","gravel",NA,NA,NA,"obstruction"
"-2159 60 52","gravel",NA,NA,NA,"obstruction"
"-2147 60 52","gravel",NA,NA,NA,"obstruction"
"-2147 61 52","gravel",NA,NA,NA,"obstruction"
"-2098 60 52","gravel",NA,NA,NA,"obstruction"
"-2098 61 52","gravel",NA,NA,NA,"obstruction"
"-2092 60 52","gravel",NA,NA,NA,"obstruction"
"-2092 61 52","gravel",NA,NA,NA,"obstruction"
"-2092 62 52","gravel",NA,NA,NA,"obstruction"
"-2219 60 53","gravel",NA,NA,NA,"obstruction"
"-2219 61 53","gravel",NA,NA,NA,"obstruction"
"-2219 62 53","gravel",NA,NA,NA,"obstruction"
"-2160 60 53","gravel",NA,NA,NA,"obstruction"
"-2159 60 53","gravel",NA,NA,NA,"obstruction"
"-2147 60 53","gravel",NA,NA,NA,"obstruction"
"-2147 61 53","gravel",NA,NA,NA,"obstruction"
"-2098 60 53","gravel",NA,NA,NA,"obstruction"
"-2098 61 53","gravel",NA,NA,NA,"obstruction"
"-2098 62 53","gravel",NA,NA,NA,"obstruction"
"-2092 60 53","gravel",NA,NA,NA,"obstruction"
"-2092 61 53","gravel",NA,NA,NA,"obstruction"
"-2114 60 55","gravel",NA,NA,NA,"obstruction"
"-2114 61 55","gravel",NA,NA,NA,"obstruction"
"-2114 62 55","gravel",NA,NA,NA,"obstruction"
"-2113 60 55","gravel",NA,NA,NA,"obstruction"
"-2113 61 55","gravel",NA,NA,NA,"obstruction"
"-2113 62 55","gravel",NA,NA,NA,"obstruction"
"-2112 60 55","gravel",NA,NA,NA,"obstruction"
"-2112 61 55","gravel",NA,NA,NA,"obstruction"
"-2218 60 58","gravel",NA,NA,NA,"obstruction"
"-2218 61 58","gravel",NA,NA,NA,"obstruction"
